,w_index,l_code,p_code,mean_demand,safety_stock,mape,rmse,service_level,cycle_rate,bullwhip_rate
0,0,1001,1000151924,128.96875,99.95997720391304,17.488084866723458,36.53464221933616,0.8774328249885893,1.0515447177335073,2.701191788803545
1,1,1001,1000039009,20.75,21.915835985099235,37.69195972057328,8.641461160821514,0.8513688479226325,2.0072249118852903,1.9341956238775175
2,2,1002,1000151924,125.03125,134.00461701767026,20.294597895273448,42.79067684441764,0.9017874857586916,1.9193672835449664,3.285172842639659
3,3,1001,1000151925,69.53125,67.57733212494998,19.715015515300507,24.32740762439235,0.7756433824059248,2.178706624162493,2.487723435348376
4,4,1014,1000151924,102.9375,84.30949547046268,21.86073671152527,25.366397940157274,0.7857424722972632,1.4474947615059504,3.6626488571849123
5,5,1002,1000151925,66.03125,74.58768171706494,23.782121200943756,23.535318139375963,0.8869469785795463,1.3487098893652094,2.4242159523481255
6,6,1003,1000151924,75.90625,78.31031674027608,37.99585304746038,31.11921599699951,0.8318932670923848,2.0625708528034514,2.7606071679435544
7,7,2012,1000039009,14.59375,9.723234445973782,29.941202839214576,4.900452194680413,0.7796479033404935,1.4281868247372311,1.6645838952215717
8,9,1003,1000039009,14.65625,15.470555123171923,32.39451343504954,6.75830396524847,0.8124359119437939,1.9056583766037056,1.3610718880558819
9,10,1002,1000039009,6.9375,17.28021614368855,66.08315135873805,4.229890298176938,0.9856919785755649,3.363694152266538,1.6131843600191265
10,11,1003,1000151925,31.78125,48.07955929611136,20.224488846311402,6.783239268495655,0.9383953303397938,1.2854190810904438,2.63432439464065
11,12,1013,1000151924,54.15625,63.47832338353396,22.770895864930115,14.236945325447318,0.9308754806289802,1.118467931522261,2.1434220161839352
12,13,1014,1000151925,33.4375,49.61252019703345,24.92294173258354,10.413852761450054,0.852089146365066,1.689790460157276,3.9163580009868943
13,14,2034,1000151924,50.375,74.9311717477761,35.763394036225534,19.061568906220778,0.8322029270731313,1.3610214768191744,3.1510693508860683
14,15,2024,1000039009,13.90625,10.671460631459663,136.52809052280233,7.969037380903249,0.8313750503622003,1.3139989480504954,1.2767348923202495
15,16,1005,1000151924,51.3125,53.650246551222686,21.7407770793605,16.912290258817425,0.8462063204337222,1.3874181110582562,2.5543862704867357
16,17,2012,1000146282,7.46875,15.54860652570461,59.25917365881504,5.217034630372436,0.9390734842615828,2.7713883900748524,1.3719246807264531
17,18,2016,1000151924,45.125,63.57055607558206,30.117548267998163,16.61542254214997,0.8160244037058211,1.9716645605627876,2.616339377675397
18,19,2023,1000151924,41.34375,46.85489765524813,36.91653927610826,15.711178918426599,0.8401273189432377,0.9680179548433431,2.1318420501488964
19,20,2034,1000151925,29.21875,47.985710358791366,62.45951504473799,15.762228413138931,0.8798816330643177,1.5961188350881068,2.021951584639226
20,21,1017,1000151924,42.0625,49.70046148951276,34.36955880437114,14.005183581746515,0.9414201394139098,1.2465379779360082,2.1916270027232
21,23,2011,1000151924,25.46875,48.36261358377504,55.542936350387826,11.927755973139202,0.825770396442374,3.920745398987302,1.9332801877837988
22,24,2040,1000151924,45.6875,60.902032578006995,29.35260606668096,15.56102541573292,0.9236970227615311,1.21131114538569,2.941296304999296
23,25,1001,1000039011,3.0,10.957311573861897,119.05563443154756,2.708339777247771,1.0,5.523811446312588,1.606683724486955
24,26,1013,1000151925,24.1875,45.46809816663132,35.49413306531065,8.131164342094635,0.9398966732621957,1.7258787087765715,1.870382162662897
25,27,2016,1000151925,19.5625,43.66151141289772,30.735378771332794,8.135542992915902,1.0,2.2291783601332136,1.6678104393550632
26,28,1016,1000151924,28.90625,51.27720914129441,39.5437736744635,11.165724772758908,0.887222976493663,1.7564404481203864,2.8348060587004573
27,29,2011,1000039009,4.625,9.559433945050554,106.39162778293843,3.283459409062718,0.8582923859789935,2.804885855385564,1.2153815988790981
28,31,1003,1000167274,40.9375,17.004102972317842,311.3207516006012,38.65519844002872,0.6302945067485437,0.5431359940870963,1.205716124978617
29,32,1004,1000039009,3.40625,10.098695433405444,91.7844727008928,3.2002771411121813,1.0,7.136729395685412,0.8621249102284396
30,33,1014,1000167274,41.28125,20.514823464479175,46.375795840380206,16.469116268984155,0.6557515658122159,0.6890981796579546,1.880767493331599
31,34,2011,1000151925,16.65625,34.19022379066114,38.75480635591995,11.584230285890623,0.9645268616863483,3.6756202087407983,1.5096186918389447
32,35,1001,1000181511,19.75,32.8275154557814,85.57599994743148,10.935644569194393,0.8487529029410024,2.932618708922686,1.5180478481644208
33,36,1002,1000167274,35.21875,24.347985895077226,155.54070530524476,30.382717009493994,0.7547194892026751,0.5911910249733467,1.5739069868091906
34,37,1009,1000151924,27.40625,39.20830087288792,30.740056256644156,10.04265468174297,0.7694309359862948,3.020795648413145,2.7499946074278614
35,38,1004,1000151924,24.28125,43.84527228770487,36.011287990846554,8.421070828130329,0.9321027837384324,1.9429936264091299,1.7897563360332205
36,39,2017,1000151924,22.1875,42.60506484775244,38.06373232325227,11.583732491915502,0.909849952556404,2.9471435984844816,1.5566574071000205
37,40,1001,1000167274,35.4375,22.164293613382387,585.5032848139834,30.21944394509798,0.6968432879552052,0.7294934558612297,1.4219991576779252
38,41,1017,1000151925,20.53125,41.70542618813394,46.077803873566026,8.51447368657324,0.9249244110872978,2.185184783626433,1.7705693919903025
39,43,2023,1000151925,20.875,37.80403271383551,89.40795189024792,13.919295143022188,0.8845804149960659,2.2113617090265154,1.8624974943954697
40,44,1005,1000151925,16.59375,35.989920308836304,29.860054868495702,8.1956419458065,0.9598179357674398,2.39537242613308,1.8003492396898002
41,45,2028,1000151924,22.0,49.67213770349885,76.81167450055283,13.549347359298457,0.996062077344353,2.643677571080608,2.406587053608268
42,46,1002,1000181511,10.78125,26.286030347566683,48.80897442746753,4.430588538086751,0.9081407439605291,3.0612903228613764,0.8566363960704665
43,47,1015,1000151924,27.625,42.26343128689447,50.50221195749256,14.024372422320308,0.820309403329176,4.142445052911358,1.2378691095100303
44,48,1001,1000071547,16.0,24.330401473292792,34.07846402698678,5.872574569962019,0.8831474432416146,1.9792284103039046,2.480009451998215
45,50,1002,1000039011,2.78125,9.736163648643187,112.13041888020831,2.428458380049419,1.0,6.478119696909211,1.1792085012994884
46,51,2016,1000167274,19.53125,17.312961250396288,152.47642762294223,16.08299606689361,0.7598013661708065,1.2311294642410724,1.245137743372787
47,52,1007,1000151924,25.78125,41.88645173797118,27.35742497141491,8.725504089230776,0.9412603276560277,1.861584910109119,1.881641680696822
48,53,1002,1000071547,21.59375,35.92246489928995,24.984793441608712,7.582377302752151,0.9265657995825661,2.1456338933727803,3.340920483939496
49,54,2012,1000151924,23.25,37.784436771948585,41.34643255141664,9.703026780064487,0.9411912007882568,1.765705883085839,1.691946080801296
50,55,1001,1000167275,17.96875,13.746661043799175,207.8654105262408,15.787274006400597,0.6904251962724361,0.7762536142728153,1.4894807822956453
51,56,2017,1000151925,11.78125,36.44912776178338,57.88761224374158,7.447134153524246,1.0,3.8141712262937206,1.3386618850634255
52,57,1014,1000167275,26.53125,14.461066969073284,84.01076132769643,17.557340209283733,0.6886318167622507,0.8088535215181281,1.788905538056285
53,59,1001,1000092239,2.0625,8.343950226758505,146.4642717877604,2.457114159267635,1.0,8.854737760951542,1.3122485495719305
54,60,1004,1000151925,16.875,32.83568254285437,56.53311869269526,8.675178288953264,0.9497121063620534,2.449492541714752,1.4952924633122398
55,61,2008,1000151924,17.6875,40.377354533302416,59.14953485585883,9.615987825195642,0.9486538374646238,2.8064317148645093,1.319709069872877
56,62,2044,1000151924,24.0625,44.904974811148826,50.595045996265796,10.980398082619553,0.9096877500878575,2.8474455212415593,1.8051846233488844
57,63,1003,1000039011,2.4375,9.037483599645556,90.83996710677083,2.388248802519016,0.9485977929527543,8.776867686187732,0.507773781620004
58,64,2040,1000151925,9.53125,32.17936125310612,137.04428461081594,5.7605717506271645,0.9288607025969177,4.761445030418761,1.0565846662715144
59,65,2044,1000167274,23.9375,14.655932942709942,175.58718563746643,15.8563247027257,0.7315123057458283,0.6714783214526009,2.016864052309938
60,66,1012,1000151924,29.90625,46.84732014215177,230.56957217728936,14.240763438521565,0.8202521180245363,2.043475586035007,1.5217314698368738
61,67,1002,1000167275,18.3125,16.456575659952534,49.29586771034417,7.190859314450756,0.7597013050470796,1.48049544071708,2.107118166364381
62,68,1004,1000167274,17.78125,13.687547560654394,568.8730594507556,21.105087783111724,0.5430590687277603,1.6469304847929165,0.881441611701042
63,69,1003,1000181511,14.1875,28.046253318112463,135.44842146311998,12.69712358076911,0.7858436190101292,6.290730139887036,0.6912687039730763
64,70,2037,1000151924,16.84375,40.5469068945629,84.2418996773423,11.162332970372612,0.8959679463238535,2.904184724915981,1.2046261427442282
65,72,2017,1000181511,11.875,22.97862106462999,63.42291707661786,10.931529714073132,0.6912684356742941,4.174612340731501,0.9937710877615294
66,73,1001,1000181512,8.8125,19.5865529405198,93.16461089677007,10.72714918540872,0.6804915114385067,5.17856677646058,0.6030412634345024
67,74,2017,1000039009,3.65625,11.000384390910298,108.11997806333702,2.8582537591221273,0.9326623347789935,4.2526061737908805,1.0611181056301273
68,75,1015,1000151925,17.40625,36.63131430148084,45.01159813806617,7.1532832389836996,0.9551710156348626,2.0315816013513865,2.0920256085090743
69,76,2039,1000039009,6.15625,10.048230138789325,112.03045038836183,4.764785468266249,0.8263991950143258,3.9149863583233757,1.0429566269079031
70,77,2019,1000151924,20.65625,36.592987724100595,74.19690666671363,12.740284079537854,0.9084438218788572,1.4323914421636303,2.215014662017323
71,78,1015,1000167274,26.84375,15.325433961901076,91.54233900736205,16.555033226731585,0.7547091054253228,0.6061041906596979,2.358477313867217
72,80,1016,1000151925,10.09375,40.001169073856516,59.31572184607361,8.553263956211277,1.0,7.821557361718805,1.3004290941945396
73,81,1014,1000039009,3.75,12.860908237095055,57.50493910379462,2.3056899464595504,1.0,5.812959703773412,1.0450901585319128
74,82,1003,1000167275,19.25,13.134581633872942,342.80572760202824,20.31054974426654,0.6607809307850661,1.0499313603124651,1.013143882502419
75,84,2001,1000151924,18.625,36.17369724126355,121.27677502933997,9.648961784911705,0.8710231292789576,2.4769746479345356,1.7964713193887971
76,85,1004,1000181511,14.125,20.611515958738526,78.94177493988101,8.719084393084263,0.774313119967718,2.5449822031292024,1.3695550201983917
77,86,1003,1000092239,2.03125,5.901312083845866,199.317749,3.289871080762387,1.0,7.638673973169506,1.0594424057895317
78,87,1001,1000092238,3.1875,7.844980410887596,141.3428663093254,3.106901671552265,0.8944434033357348,4.277954587985213,1.563224524761037
79,88,1009,1000151925,14.4375,31.045203456518102,46.3363395495439,9.936445616624518,0.9643634506021552,2.2537800094150415,1.1829075928447634
80,89,1009,1000167274,23.625,15.870601943539084,178.54536089164884,20.97448559986217,0.6963800564502864,0.9167522627176701,1.5521109767500345
81,90,2037,1000151925,8.59375,31.289027210883695,58.5582739821553,5.234943915506682,0.9928887869105241,5.48880224662022,1.3859269128866987
82,91,1001,1000183515,8.0,28.204958383020788,98.51117465673647,5.3200269321819995,0.9469836990046825,5.459849169924021,1.877017491402917
83,92,2011,1000167274,14.625,13.271192815862332,308.91388796515133,17.811544185513025,0.6206515673498059,0.961019523076797,1.490580238050571
84,93,1014,1000178960,13.59375,15.727887937140245,180.83799943081712,10.018935257532286,0.7510138255052052,0.7460680071350222,1.9084305668412365
85,95,2028,1000151925,10.1875,30.965348752456965,50.27629497516257,4.693538116228937,0.942695016908493,3.0939809409779855,2.355431251358687
86,96,1002,2000011505,17.46875,25.537021644825604,109.82893454870175,15.95455341712751,0.8459514026608206,3.19976219422106,0.9251916841604382
87,97,1017,1000039009,3.53125,10.096173838946898,154.50854642621525,3.3469269789728235,0.9464001151641633,3.92036805910181,0.8259168729978541
88,98,1001,1000167835,6.5625,11.000579734663713,214.60886562740217,6.661432212489868,0.7844813879471444,1.678048869014314,1.5019274086772423
89,100,1003,1000092238,2.4375,6.896297808250219,128.61749931770836,2.3114935642489476,1.0,5.871097061861633,1.4760425451873318
90,102,1002,1000092239,1.9375,7.329083474187624,108.62110189062494,2.5681823271186532,0.9481571796145856,9.256386731703738,0.9998689490157802
91,105,1001,1000167833,6.625,10.514999038176803,256.145763051848,7.309635832172573,0.8347866939785507,3.127497116897953,1.2238170189600723
92,106,2011,1000181511,11.71875,17.93843627191715,63.31562567373098,6.935515973817022,0.8257806300674374,2.637439668290796,0.9308791260880512
93,107,2032,1000167274,14.46875,16.1272727219035,115.5160131812842,9.637495150172855,0.7996177433814804,2.4914015607984914,0.9703166156607913
94,108,2016,1000039009,2.4375,7.9146683286501185,100.105489015625,2.7577255735962134,0.961777491719567,5.705495423672488,2.053814661425473
95,109,1004,1000039011,1.625,6.422668206597095,126.02498455362219,2.3021318229105305,0.8269111171616403,13.015265862309342,0.4209346168457092
96,110,1004,1000167275,15.0625,8.799013407673664,64.38164532598219,7.419624118239557,0.803626669515497,0.36668172959812356,1.944251970289089
97,112,2019,1000151925,12.375,31.880496339987257,51.88134247042265,5.266691724404511,1.0,3.1077730733630973,1.1836176667888707
98,113,1001,1000178810,8.0,13.538016807342327,69.72599322611421,4.680636287624917,0.8311478584702388,2.351630602381879,2.1025000903057287
99,114,1001,1000108240,2.75,7.336079887346699,139.30601563867188,2.906164873448209,0.9297283601080397,4.5211979895092265,1.4685505313790452
100,115,1004,1000181512,7.25,15.292348089174824,165.78139976889292,6.194152823949991,0.8256937040679114,8.202463377032588,1.1513448905646035
101,116,1005,1000183515,8.0625,24.0130510713432,143.41373631255564,5.790605528305949,0.8224199522766079,4.5575437033604835,1.021020476233527
102,117,2016,1000178810,7.09375,9.45500426638984,60.68320377505635,3.907055789127618,0.9022129689958475,1.2042622325694925,1.6219182699634898
103,118,1007,1000151925,7.78125,30.089216888378477,83.17310112167347,6.18890591268719,0.9531319111568037,5.62986716554288,1.2109145184432053
104,119,1001,1000039007,5.09375,13.440415669380064,159.13198548833196,4.170448144481345,0.9962969220095839,3.3498244072795944,1.3348875280081336
105,120,2001,1000167274,18.0,11.550848737570599,362.392291001127,26.98999924057506,0.6413034544806174,0.7968454355213397,1.228423606879359
106,121,1002,1000181512,6.03125,19.789842797734114,144.70720511093074,5.185376018874164,0.9283990453423965,6.012939123177049,1.624008249621357
107,122,2032,1000151924,14.875,35.09571515020727,54.18729335368082,9.96796584130707,0.9382490482806075,3.9510585833030767,1.1876235714929408
108,124,2010,1000151924,17.90625,33.091187166306675,77.5230746369788,11.174885002692273,0.8854204191368926,1.980672349212486,1.9000692180473873
109,125,1001,1000178960,12.96875,14.38379967447646,61.855599821505926,7.038247189510209,0.7959025254663618,1.341459743072654,1.2267760496176825
110,126,2039,1000151924,12.1875,33.95017433793093,43.03176041054821,6.080223876488257,0.9944398913414763,3.520237120759909,2.1334457202001396
111,127,2011,1000039011,1.96875,7.0743636828089125,97.82036807700892,2.4049147586035127,0.9800376363636363,8.071963985055124,0.9037525126633907
112,128,1001,1000030686,27.5625,29.433642548724755,30.02056230363649,11.251601718469358,0.8882058128790923,1.4835734186256917,1.7106284997491163
113,130,1015,1000181511,9.8125,18.56168895099017,70.97963186724955,6.779197067556497,0.9394426717349476,3.9558478953949954,0.8873399841537272
114,132,1009,1000181511,10.9375,17.90512570230342,33.874013778106956,5.509493091756396,0.7816249553374415,3.506770176386917,2.29814633002941
115,133,2019,1000167274,21.03125,12.344493805814315,161.93979942248222,18.4221273486976,0.6849340492070068,0.4423262201513497,1.393456289774904
116,134,2012,1000039011,1.625,5.42791769818614,113.096390984375,2.052251130756328,0.9829690961848115,6.547924618474069,1.2546461470820665
117,135,1005,1000167274,20.25,16.127177618717322,226.62849765188292,22.41869399517346,0.6349575021092806,0.9636467258859175,1.7934028745672723
118,136,2040,1000039009,3.59375,9.42442180893192,69.55952717621527,2.4433856832343963,0.9788237143707802,3.979287351378155,1.8524393628641314
119,137,1014,1000178961,8.5625,15.197318136990038,110.33017847127505,5.309684595761784,0.906132181408609,1.9131752831776982,1.2484865352347623
120,138,2016,1000167275,9.1875,10.633794746654962,94.09330113487555,5.202293233800766,0.8181567265312357,0.9386217907008477,1.8297517459922905
121,139,2001,1000151925,9.28125,31.473374991493678,181.06624300368267,9.528720949162032,0.9818208187196202,3.4577191697154612,1.6300595369831654
122,140,1009,1000039009,3.875,8.282200231224973,80.79536053977272,2.7781756874211547,0.9950046659236954,3.6663262378758645,1.1537576086654202
123,141,1003,1000039007,4.125,10.268819714567302,97.3861564012277,3.0230277349426453,0.8890904250353385,3.7466738506747195,0.7895022350651595
124,142,1003,1000181512,7.4375,18.753641483664634,78.8579769553031,8.339985593149041,0.9255498727362361,6.928837206740941,1.6358707430866757
125,143,1005,1000039009,2.25,8.403442889104724,69.22898360937499,1.8175495209175545,1.0,6.183454381268764,2.1742943947208104
126,144,1015,1000039009,4.0,9.028955871999477,79.88110865958133,3.396081424395935,0.8847821745267811,3.6928125753034693,1.1171905428387605
127,145,1009,1000167275,9.75,9.291253340785872,181.56343670749055,7.91493028413004,0.7604397334742152,1.1746606383429685,1.2346731200393788
128,146,1006,1000151924,9.0625,29.96153845458095,67.46471068633299,5.289645089551816,1.0,3.471886508192157,1.3521559575358537
129,148,1002,1000092238,1.625,7.4425073283220335,119.45685571502973,2.3557128743731277,1.0,12.66551214332646,0.7694213268524392
130,149,2011,2000019513,5.4375,14.140153829891704,98.40171050207431,4.756505108603367,0.9418984872180731,5.271892985896774,1.401074284597563
131,150,2012,1000151925,11.75,32.140134103820216,135.3392469400177,10.82257843708463,0.9024302125852669,3.119613734442856,1.3410124356020041
132,151,1004,1000178960,7.65625,11.437593483012268,201.10537296396726,10.348633079349979,0.8008453683528348,1.1862571342081436,2.0764828123203416
133,152,2024,1000181511,15.875,17.01180531027379,98.59430813038664,9.190233523547615,0.760516164678681,3.21470745511252,1.1732983819299536
134,153,2016,1000167835,6.0,8.631151026789427,46.836410352334724,2.930551314726865,0.9055559916071881,2.0068832003900803,1.318653568728978
135,154,1015,1000167275,12.5625,9.209207425762381,151.5926510874348,8.517892264270786,0.675002597584744,1.0805051922309434,1.4361144110970216
136,155,1002,1000108240,2.78125,7.991021576715129,161.26852018694194,3.148867076077467,0.9932098829958713,4.730222217913299,0.8052519620996857
137,156,1003,1000178810,4.375,9.30530108356338,82.17089461111114,3.0803498736860213,0.9586768995256293,2.875914413013969,1.6821642012900841
138,158,2017,1000167274,18.9375,12.928544084642182,1050.0145986102327,28.673871454680924,0.5580411403290999,1.3351377055954574,0.7623193088015656
139,159,2044,1000151925,10.875,32.87659515793128,78.69874698891275,8.792375359245892,0.9697441299609426,3.638910130389484,1.4624260796053168
140,160,2023,1000181511,12.75,20.69441380095869,49.41693933397099,6.801521329022547,0.852308216805113,2.327517082702457,1.2417597507191225
141,164,1003,1000178960,10.59375,13.609677763911273,75.368784555383,6.4473403684282635,0.8185782044221417,1.354829140135791,1.388708123360209
142,165,1013,1000181511,8.875,20.600890962765256,259.3866405475623,12.486157452467323,0.7777584297021221,2.50304753127016,1.5320776229099475
143,166,2045,1000181511,11.5,15.700248742939795,122.18095438253327,8.017270961464437,0.7074387184299098,2.1755088518047994,1.4179955015900751
144,167,1016,1000039009,3.53125,9.346499989900195,138.49422704858011,3.7075830315288667,1.0,3.2888913271505507,1.603738370550967
145,170,2037,1000167274,19.96875,10.051900750263021,452.33564147135644,25.91352396561894,0.5958590561085924,0.73663063761354,1.4327586919104405
146,171,2001,1000039009,2.875,7.606587149719125,94.47391853980653,2.8811549264584957,0.992765508820225,4.947077078283549,1.111887474347629
147,174,1012,1000151925,7.78125,33.88652087820579,72.31179565260312,4.880969310875546,1.0,5.59348109706561,1.3914743215441534
148,176,1014,1000178810,4.625,12.42384592067406,74.0814302391493,2.855646023326408,0.987064151724016,3.1642901578502283,1.547982514538009
149,178,1003,2000019514,6.65625,15.855076297214401,111.1458774666024,5.334781091195,0.9697987238888507,3.8203689190644687,1.6159453451485657
150,179,5001,1000151924,7.84375,23.751722729764555,134.91288181488517,11.13958354291519,0.9014841997097709,5.71685818371729,0.755952199856798
151,182,2012,1000039007,4.84375,8.423868571140723,87.1573650832501,3.1326616640400973,0.9273313147100054,1.958653241918737,0.8577205780009381
152,184,2001,1000167275,7.625,8.7160018557582,420.83703786600637,14.681175004281123,0.5292492790118888,1.9497535675888567,0.774617143435024
153,185,2044,1000167275,9.6875,10.964566924621236,149.98669425035837,7.091886984579468,0.7492636092771361,1.6952052223054135,1.0914939029816442
154,186,2019,1000167275,12.34375,8.663883745832738,221.89723301001604,11.925786510517929,0.716453865624995,0.8936594019917388,1.2317969959346566
155,187,2011,1000178810,5.75,8.912476574430482,165.41982608824006,4.518990366569286,0.8513087011073948,2.9229434919874318,0.8291854341331709
156,188,2016,1000181511,11.34375,17.947292042126726,111.90693577867779,8.841993699185918,0.9401817286801826,3.7271095503614626,1.0237606583533443
157,189,2039,1000167274,12.96875,9.774659404790535,527.2397713336567,21.48022436985418,0.5363907793604288,0.8714573488328881,1.0381664272204418
158,193,2028,1000039009,1.875,5.868857790867743,112.97738246614581,2.045218026163762,0.9450176364314669,5.339289082558857,1.107703013171263
159,195,1001,1000163737,7.46875,11.73301452420843,75.45436494485548,4.309393046977929,0.9744332905559651,1.543812380223045,1.3970185992687254
160,196,1013,1000071547,14.21875,18.69109831888963,102.03505145406137,7.527645141472894,0.7433468405511385,2.3208621516136456,1.590936847247082
161,197,1001,1000163738,9.9375,13.591540647148337,58.69837967638607,4.91395667261373,0.9180476209048025,1.4414862389473337,2.0059768075443873
162,198,2011,1000181512,6.40625,14.924381690693826,101.35583341958652,3.804308333075686,0.9503109824177806,3.6246246250262675,1.2692621677847493
163,199,2008,1000151925,8.15625,32.76875966264123,85.44103547676501,6.958562858159997,0.9838442059503982,6.545809019991733,1.2368004711212663
164,200,2025,1000151924,14.5,27.656420440496035,68.99679439387987,9.924568091090148,0.8468929694415962,3.743210943286891,1.270073308076061
165,203,1003,1000071547,13.5,17.599998624960378,47.98919663048972,6.387393279745486,0.8792734869859757,1.5048054052046103,2.2551128458383225
166,205,2039,1000151925,6.25,28.465108825222288,90.99625041652575,3.0123512018841123,1.0,6.53590274575262,1.7062586318996567
167,206,1014,1000039011,1.90625,9.25262719414904,91.18795837053571,1.646521106234802,1.0,8.77881434883951,1.238679637989375
168,207,2034,1000039009,2.65625,9.164643249807645,100.67783150607639,2.3697507487521046,1.0,6.484983408261519,1.4151255728477503
169,209,2025,1000181511,10.96875,14.76005073624879,224.53370891362346,7.527689952228327,0.7765705166276892,2.8654126606788917,1.2063418428304977
170,210,1002,1000030686,13.65625,19.694379406553203,99.20270749204481,9.405033832550956,0.9051074632998671,3.1706381341384784,1.185143034381992
171,211,2024,1000167274,4.5625,8.100167469507017,262.5342279205448,5.45970147857025,0.7109222338599017,1.8567507020654574,1.2515813929799222
172,212,2032,1000167275,8.40625,11.678603446488319,64.08908183544044,4.842377396376251,0.8118391983521321,3.7838324239201535,1.7141583845731723
173,216,2023,1000167274,13.78125,12.758298719348184,273.36296648070214,13.489330622058525,0.6905640022216799,1.539040549268233,0.8577572767126627
174,218,1009,1000178810,4.40625,8.16212920487038,105.94409498499502,3.086476707791164,0.8705417960057422,2.2634924269994268,1.0538750707733897
175,220,1001,1000178961,6.375,15.181409767697795,154.8084813929275,7.084060699286496,0.9189513792848529,2.4878325760797138,1.1431156578676285
176,221,2019,1000039009,2.25,6.991884208996784,109.37784723593747,2.8670488879740916,0.9853970396499464,8.01973407323221,1.7965275622832535
177,222,1009,1000178960,6.34375,9.744646139637942,101.38556456082593,4.066747589239812,0.8263156843820606,2.0684136885907565,1.9284907350659064
178,223,2011,1000178960,6.875,9.282715567999787,85.106484711349,3.69553225721631,0.8136329292081186,1.9387524460558263,1.390867558657258
179,225,1004,1000178810,3.75,9.174999699079113,61.612171766846494,2.8915940939341547,0.9389898230680684,4.49144442600712,1.104680884024219
180,226,2016,1000167833,3.53125,6.965552585644984,82.0591955797433,2.3664243813750523,0.8354580591039391,2.8787692514173706,1.9822189644134478
181,228,2008,1000167274,11.5,10.401683236875698,452.33675119790854,12.040435208001135,0.6916299885077902,1.5476700711527276,0.82738463470479
182,231,2010,1000151925,7.78125,31.95416313303453,97.50771836945633,6.424023587508214,1.0,5.083518754411614,1.1392468307740182
183,232,2045,1000151924,16.53125,28.024726408847968,84.4354277123246,9.382457880967253,0.7776002791333957,2.7723574937774798,1.3650982419391209
184,233,1002,1000178960,6.5,14.427433785027555,66.17568652949836,3.8117680305882895,0.9600116940055248,2.242962994250719,1.0145318531070566
185,235,2024,1000151924,13.0625,25.911281390929158,162.64680282603655,14.2994642075611,0.9090980750816879,2.3507699634331725,1.0410938922590869
186,237,2037,1000039009,2.4375,7.968617131608737,198.04852126190477,3.241421494501844,0.9812104355463991,4.96994373304966,0.8781938322170882
187,238,2045,1000167274,8.96875,9.125869851127012,112.95780816955912,7.981378974697259,0.7719774618700255,2.5816070223397762,0.8024468751690919
188,239,1013,1000039009,3.25,9.157991815832007,202.79732700892853,4.135345849836548,0.846038670121708,3.9794983248498004,0.8516387419674791
189,241,2039,1000181511,8.875,16.602511450446766,50.431115484411905,6.984521862537824,0.8489670162330104,2.9133736001199564,0.70301510849086
190,243,1002,1000030687,13.0625,26.067302374793755,93.00148260214729,8.594105740813491,0.8577740703327833,2.9486501213223333,1.343684005365527
191,244,2037,1000181511,9.84375,16.618943463219516,67.87771993579908,7.578799910362246,0.8269872700795189,4.039354738878801,1.1269152694660405
192,246,1001,2000019514,2.75,14.304000104070857,161.77226207465282,4.493097806117446,1.0,10.540982319369643,1.4560528559441899
193,248,1007,1000167274,11.8125,14.570320490485173,271.73438459188776,9.997675199777571,0.8168616756675443,1.6201775937074068,0.8329422397988818
194,249,2016,2000019514,3.34375,11.632796100948543,164.9254536207837,4.859845116573018,0.9600036634896917,6.9002778763861,1.1060393091043927
195,250,2032,1000151925,8.1875,31.016825830780835,96.85180780783918,5.159461093925462,0.9675301537836619,5.558750085085701,1.1340291010157433
196,253,2025,1000167274,9.34375,8.736685346177463,679.4084936221567,19.154292393085083,0.6699617290928752,1.3127738011178096,1.2686287671213725
197,255,2011,1000108240,1.71875,4.499488052024878,83.6830858658854,1.690309550861836,0.9742447538297873,7.287748797130783,1.1176202841848442
198,256,2010,1000181511,8.625,14.331568140390585,170.990259788089,6.914389025887836,0.8319811549779454,3.5626974279081907,0.8048179189848021
199,257,2044,1000178960,8.09375,11.393266787690854,105.03244541630927,6.60349282740667,0.8291147272842682,1.5520642639814985,1.3878310833765817
200,260,1001,2000011505,4.65625,11.430045095247099,102.57759343495785,4.246072619891559,0.8857632541289452,7.040782804007474,1.4517709515689199
201,261,1001,2000019513,2.6875,14.178083935123011,147.06453250260418,4.336708368565146,1.0,11.10987615173304,1.697885128726866
202,262,2024,1000039007,5.78125,9.314520960252716,150.20658184111392,5.206983721016306,0.7660032943052641,3.0534505867066173,0.786460259910694
203,263,2024,1000151925,9.03125,27.050993810337953,177.5502320581595,9.197033273395999,0.846398199297548,3.9479938056509085,1.123201814874342
204,265,2013,1000181511,9.875,11.666364364054285,169.9785350188871,6.43307984599873,0.7366450175973711,3.4421083759382514,1.0772887732056293
205,269,2034,1000167274,8.6875,11.670884875196815,289.9060230288826,8.732578137960626,0.6858382573962143,1.6820922408589303,0.9970404244394818
206,274,1003,1000178961,4.96875,12.929480720894583,36.309466984747026,2.3418892452825473,0.983440620149247,3.5586559825984727,1.8296710809857097
207,275,1006,1000167274,14.8125,13.879680130541567,233.66979614859397,13.50715155460763,0.725942437866872,1.9990432866456762,0.9468947214661414
208,278,2011,1000167275,7.28125,9.655156749044128,123.9272083861279,6.063394718105852,0.7160309311795063,1.5191194575468832,1.616047727987571
209,279,1002,1000039007,3.875,13.06789431754248,67.86929337732516,2.815917910690374,0.9665371387958409,4.532061471530838,0.9864253942135611
210,281,2001,1000181511,6.46875,15.229313990782611,100.75846535787498,4.707934490434324,0.8768949115298452,2.468171892104643,1.1950596019585287
211,282,2034,1000071547,13.0,16.118430778697153,341.4437114622476,14.00651438350028,0.6194835391073579,1.4884845634078052,1.3227750162900902
212,283,1014,1000071547,11.375,18.109490833184786,135.23832786342936,9.269454608552952,0.8484215532869713,2.1307318567951414,1.2998751217252889
213,286,1002,1000178961,5.71875,14.543106199753513,105.91998490391354,3.596663583540857,0.946735333960714,3.1732752122238446,1.5917723743323415
214,288,2017,1000167275,9.25,8.521547278432585,618.9999040882578,12.538283292862026,0.6973428788962903,1.545947638552457,1.2807135016275517
215,289,1013,1000167274,5.9375,14.649830514458701,95.81504237758273,4.784744217591967,0.9248860847080687,5.0514249885775095,1.1306352480876718
216,290,2044,1000167835,4.25,7.507104268856871,147.50018343178442,3.813626875369009,0.8130442789548183,1.9587774531306192,1.497309882029565
217,293,2016,1000178960,5.15625,10.594290313334636,96.18009669958123,3.52035920195501,0.8972998529951786,2.978596313079908,0.9646036260453367
218,299,1001,1000041110,2.6875,9.934559618287363,95.72124083854168,2.344325536830914,1.0,7.016113968927151,0.9156960557753052
219,304,1004,1000178961,3.96875,9.293295856421752,147.89309538164872,3.4853423119687537,0.8565630519097026,4.29623293931428,1.1988719267475691
220,306,2019,1000181511,5.625,14.961502058073826,124.28955555611087,4.819103723553318,0.9892094330512304,6.034024470445022,0.5395373609784733
221,308,2040,1000167274,9.03125,13.720165488191883,332.17569802295156,11.521255061760073,0.7672918417403418,2.014483825688681,1.258858784151473
222,311,2017,1000039007,4.59375,10.159899735226853,102.49130845591516,5.031210048943259,0.9033087151544034,3.7915425241585035,0.5077875046058794
223,314,2023,1000039009,1.71875,8.171986823478527,102.17260674479166,1.7166840845553513,1.0,9.30247407834891,1.7188607758109355
224,315,2025,1000151925,4.96875,27.916158431692157,110.71738456318205,4.240454800339351,1.0,8.27447754843662,1.2714642261583056
225,316,1001,1000030687,12.0,21.268177419024546,85.05225526736268,8.491880585049975,0.9561945826182189,2.50492004401871,1.1445657609475843
226,318,2011,1000039007,3.5,7.836145279151417,77.11973727204959,2.6533622378861614,0.9405210668643845,2.533831207002685,1.2241861027964844
227,319,2025,1000167275,7.625,8.696559404519679,301.85273029425394,10.350905301998992,0.6992481435900432,2.439288757245691,0.7888357423977604
228,321,1009,1000178961,4.15625,9.654301336049649,138.53949282846315,3.857474870656251,0.9790186711154837,2.9485005345499298,1.2047416411607417
229,322,2012,1000068744,2.28125,7.103931175868306,110.75090581547613,2.6811050924232034,0.9087260671864972,5.064273198525135,0.7519372787624709
230,325,2011,1000178961,5.46875,10.094519350603482,80.35129200805609,3.179450965298395,0.9213281129019331,3.175141597509887,1.1789327503768454
231,328,1016,1000167274,7.0625,11.788093097805731,210.86772750783734,6.649506174158822,0.8296598938315554,3.391773829442,0.7653844632337206
232,336,2034,1000181511,6.34375,21.110852128763472,101.35137360529114,5.462462867005423,0.9023016044083163,5.198023851770194,1.1647147106805362
233,338,1003,1000167835,2.71875,7.527481649526834,97.95612630357144,2.0661568404821784,0.9425835006432057,3.9356860087670595,0.7322004645445107
234,339,1005,1000181512,4.40625,14.129119801355177,66.04401738628471,4.421110718882978,0.8221504352027321,8.755760953498566,0.7551617541298878
235,341,1009,1000167835,3.6875,7.3441946558807345,113.47375529709205,3.1581697945157186,0.8689810779782667,2.049827967691147,1.3270431194670946
236,342,1003,1000167833,4.5,9.410958559041987,68.24664977797221,3.1093229003909824,0.8841125024907883,4.042743615411113,1.0915620885924102
237,343,2016,1000178813,3.625,7.929798116799352,90.9220232545139,2.5063482050886523,0.9421776064181249,4.0637584292097335,1.1086612124880417
238,347,1017,1000167274,12.65625,14.09469379005345,131.31338739703637,8.181612986486295,0.737892343912079,1.543005845811182,1.5327386326900132
239,350,1007,1000181511,4.8125,15.032230692916116,81.3532563492445,2.666111615226853,0.9124760204354595,4.9237059932956555,1.3276978008533349
240,355,1013,1000178810,2.84375,9.686391423105754,99.02516030555557,2.3540517452837095,1.0,6.4258354356336715,1.4913047280389962
241,357,2013,1000151924,10.1875,30.818727805596122,53.329598172702596,7.819518240171904,1.0,4.05917542425492,1.6710447471380538
242,364,2034,1000030686,16.15625,16.496043677462524,63.556203041061956,10.065941501656438,0.809009625005448,1.8457077763919814,1.328357896325583
243,370,1001,1000167834,2.5625,8.358797260313109,152.7977116861979,2.7853442368950376,1.0,4.6033697450516025,1.1159855739096365
244,371,1005,1000167275,6.8125,9.710094357174244,283.3419650971229,7.568660765708683,0.7653837633543406,2.598243039167216,0.8880057144750271
245,375,2014,1000151924,7.46875,23.69811533815991,77.63303190083431,6.249418630845786,1.0,5.535908081992751,1.4043161414083596
246,380,2016,1000178811,2.21875,8.765082046867086,103.17693311979168,2.1572882114687255,1.0,7.838355853111122,1.2871565475316895
247,382,1009,1000181512,4.71875,12.507378236601028,87.27022678787878,4.276491648119991,0.9456073243353461,5.439563018937006,0.9674626825475852
248,385,2016,2000019513,2.15625,11.715499217032539,158.7459197433036,4.1550383073748005,1.0,11.677664153781851,0.6972390933819451
249,386,1006,1000151925,3.59375,25.360945436319497,161.18730150669643,3.682006465856691,1.0,13.092950592848545,0.5480980937790114
250,391,1001,1000108239,2.75,10.330204533909574,99.6428105766369,2.4778904013519303,1.0,6.545338178239845,0.9397462532150114
251,392,2023,1000178960,4.625,10.70469829520958,109.66171652517187,3.2331472866985878,0.8797866211758301,2.5370053859440205,1.1241036542309075
252,394,2006,1000181511,10.4375,11.324706646581165,145.09590278124767,7.470553640621846,0.7502255310484419,3.100115965237158,0.9454563115930645
253,395,2001,1000178960,6.53125,7.718884295083318,157.8985327048955,4.614826274632225,0.8152593158201275,1.795760035993168,1.1834991022129613
254,396,1002,2000019513,2.84375,15.448719590434305,148.78950337339742,4.085789138854564,1.0,10.131587391862793,0.926668187320757
255,397,1004,1000167835,3.78125,7.743858405861686,112.5811169172576,2.9937973491266017,0.8242464508600331,2.6595920058518963,1.249893034510086
256,403,2011,1000167835,3.4375,7.927720977126565,132.68958967488845,2.9009093964147854,0.9323939926692234,2.7721670202098814,1.702907860736865
257,404,2028,1000167274,5.75,10.667738091320272,284.2885018395944,7.225349504345848,0.7869571149217756,2.648025091222802,1.2482642846481968
258,405,2016,1000178961,3.96875,9.989975313210284,75.02543013839285,2.2711149148358003,1.0,2.8143085348154857,1.147228575153674
259,406,2019,1000178810,3.125,7.752508849904594,63.36203904166665,2.2316669800867635,1.0,6.809525328392687,1.4925844680946507
260,407,1015,1000178960,7.96875,9.119608246710515,118.46835287647201,4.349808006748962,0.7736695075432971,1.3026004396957935,1.564769516637853
261,413,2002,1000151924,6.34375,25.487443097431402,87.76452936789339,4.914052563133708,1.0,6.887841114282931,1.6668243481533225
262,414,2010,1000167274,10.9375,10.14397090379579,411.827990967768,17.213344567481787,0.6176184417335164,1.1255001820649566,1.3699687516793566
263,416,2013,2000019513,2.5,7.501958184373972,171.17152989880955,4.47552076151065,0.9468301012980611,9.651087175721077,1.3948812829134092
264,417,2024,2000019513,3.1875,8.305763078330207,182.39340906563734,4.079631091741349,0.9988291795470675,4.774965102037329,0.9384199070882064
265,418,1002,1000167835,3.75,9.81450657483722,100.51199682979907,2.543584004006362,0.8994492071766061,3.7461535229827323,1.1110243523440377
266,420,2044,1000167833,3.25,7.429518737938203,64.87826271075147,1.9334558704429767,0.9402685882660047,3.282184720782793,1.1348443925966096
267,421,2045,1000151925,4.59375,24.500581169644704,102.50255567082658,4.276035455585888,1.0,11.13062186397097,1.560852365693283
268,424,2011,1000167833,2.71875,7.394341856936439,100.62068647395841,2.324880578025437,0.9187164540641168,4.793397626485784,2.0630495772240387
269,430,1001,1000154837,5.5625,11.94390168365611,141.7781230660867,5.274961491146764,0.8330718047643316,6.476454126742691,0.8799213090497326
270,431,1015,1000178961,3.5625,8.432806324692962,129.40491906994046,2.789540429718027,1.0,3.094831067513489,0.9069476626709683
271,432,2001,1000167835,2.59375,6.371270982970037,127.41036942254466,2.602402914014133,0.9689269420468924,4.704235233811091,1.0745451741257914
272,433,2013,1000167274,4.9375,7.2290776566240895,286.6235918165406,5.83545772011133,0.5738781289803643,2.989287571075255,0.669152959177347
273,440,2011,1000071547,5.40625,14.761991051663228,55.6503300067924,3.585359727422557,0.9912512757261658,4.410724160868731,0.8923615799642547
274,442,1002,1000162356,44.40625,57.61325562067532,89.2996642063162,31.40313250892621,0.868072128871761,5.255306571370574,0.7515727924933658
275,445,1003,2000011505,5.8125,10.638806995293093,135.08254411481497,5.161983428354309,0.7642512475537455,4.8709607161499395,0.6041367165308958
276,447,2019,1000178960,4.5625,9.030955061260345,77.3483038240017,3.081897004998669,0.9137519698100827,3.0671927554110754,1.2247664781688599
277,451,2001,1000178810,2.03125,6.501655284117491,101.80900212187503,1.7440213668093827,0.952396320455047,5.010339340795703,1.4228730118025046
278,452,2014,1000167274,6.96875,5.812761810482285,225.63732936388234,6.758892216455564,0.7632980545187329,1.333534700621994,1.2436369395613127
279,453,2039,1000167275,4.3125,7.462876701962456,484.1675580971726,8.72746253665268,0.746599295917725,2.627547952796816,0.6485362759550731
280,454,2032,1000167833,2.40625,5.777682076069241,84.80210836875,1.9364330273129813,0.9017373124119075,3.7378689709249784,1.5275011039275832
281,455,1014,1000178813,2.8125,11.460665075319184,76.9663808828125,2.339956635752152,1.0,8.135967930119163,1.8814954993177557
282,468,2023,1000167275,4.84375,9.964018181946571,354.34858464402225,8.234430380937859,0.7077068613329622,2.7259684102626704,0.7162661225649797
283,471,1002,1000167833,3.8125,9.909094114000567,114.06012366666664,2.9003043042675927,0.9377317707187558,4.248478466864707,0.7573003467377112
284,472,2037,1000167275,4.1875,9.512045106945562,252.24067577223127,5.767140571599895,0.919272016586327,4.117970525757798,0.7633769052561725
285,475,2011,1000178813,3.125,8.248918656753355,120.34507531529019,2.9729649440296018,0.9577353992931806,4.940119029457398,1.7845070988372196
286,479,2034,1000178810,2.53125,9.306855836056217,82.77691066666665,1.8445580385302593,1.0,6.532158220136774,1.620643435546764
287,480,2044,1000178961,4.65625,9.89779766138151,67.30895214192711,2.4960587133266516,0.900808103960326,2.5344749916342626,1.9522918688709217
288,481,1003,1000154837,3.78125,7.540467156258563,84.28611769968377,3.1498165993997835,0.8384415942698867,5.723869252377932,1.0518911579248997
289,483,2019,1000167835,2.78125,6.715807327342152,105.81467273437504,2.3173052981857736,0.9890692348138552,5.693820031860698,1.3544841943312294
290,486,2012,1000108239,2.375,6.190577475996392,107.00692644010421,2.6656709311220004,0.9566992784589573,4.029361224974168,1.352911447764639
291,487,1004,2000011505,4.65625,6.296432127365463,76.55269738677785,3.8317631885164523,0.6580713806323204,2.554128861364533,1.0557785883439814
292,489,2014,1000151925,4.59375,23.903266217909806,211.38124612375145,5.888143473557204,1.0,8.184034136775544,0.6310102494134362
293,490,2006,1000151924,5.625,21.56664094687774,100.33931231483359,8.23907414252846,0.8025874588508242,9.38582568550444,0.45646113339200267
294,493,2034,1000167835,2.875,8.174083690416731,109.77305392252603,2.5633992541970976,1.0,4.9628921953151846,1.1575283286241664
295,496,1006,1000167275,8.3125,9.402704420339658,118.39221542752136,6.3816782255016085,0.8133702663305471,2.5339842840735622,1.5994124834329706
296,499,2042,1000151924,3.875,20.526706445701038,97.35453811403659,3.397913664009971,1.0,10.365923355175264,0.9665198050182983
297,504,1009,1000178813,2.625,6.769218242326035,140.2232710984003,2.586160689038852,0.9653745460392503,4.969513361357477,0.8665575764797306
298,511,1005,1000178960,4.28125,9.714126306333725,131.10167445517118,3.8476915300353114,0.9378709500514937,3.1801436312629328,1.3166801360736384
299,513,2016,1000178814,1.75,6.508129821914621,112.04454179166667,1.8583367320083086,0.9866381727707869,8.721033630923495,1.6810884461991373
300,520,2040,1000167833,2.15625,6.940211734263723,93.03175239583332,2.3476235614422847,1.0,6.08744503257307,0.9068676009903678
301,522,1004,1000071547,2.65625,12.193975859758849,207.6491015111607,3.6138226816673966,1.0,9.695816713577171,1.3439203245524873
302,527,1002,2000011484,3.5625,11.927687047381044,79.64709964806546,2.4344617946686498,1.0,4.791580333825422,1.621267352844394
303,528,2016,1000030686,8.59375,15.377238891355763,53.478367305571176,5.01823772006438,0.8930351106468195,3.5297705446012486,1.9223561171226897
304,531,2025,1000178960,3.78125,6.735483401294024,200.08352535809152,5.127960065222796,0.8006458947283728,2.808771847763829,1.3246075864114715
305,532,1017,1000178810,2.3125,8.481844911102119,107.75512319940475,2.254460115732775,0.9572253920938788,6.489163043457807,1.3013416442934813
306,533,2019,1000178961,3.5,7.823256932817502,70.0844503828125,2.2009956486544926,0.9549065019960753,2.9375871682334944,1.318706769014015
307,534,1017,1000167835,2.6875,7.357223333261485,92.14317294112722,1.9698092303041763,0.8839227553980491,3.857308798450904,1.1818778107390069
308,535,1002,1000108239,2.1875,10.268945103555703,189.03660402938988,3.0327706039308246,1.0,7.4959176492357535,0.8738642703830217
309,537,2034,2000019513,3.53125,12.692813590324736,101.1922522439236,3.3416668516065995,1.0,7.556406483790928,1.3932895117977424
310,539,2016,1000039007,2.75,7.86520504834947,215.14503874348952,3.6284516271725775,0.9811657205858036,7.297259165072148,1.1179196258174793
311,542,2037,1000167835,2.4375,6.524942418597786,95.35338200520837,2.0662704811016543,1.0,5.826922620341888,1.1704513894615025
312,543,1001,1000162356,34.125,51.68610390833018,87.82306968009591,40.26432935591431,0.8491089164149044,8.384792986043905,0.4222451739659654
313,544,2016,1000071547,5.09375,15.14057280048383,159.2276299901271,4.211164653643777,0.9720513103105922,3.7706402970313797,1.0972446812809709
314,547,2010,1000167275,5.875,6.812660555153805,824.0608667656634,18.28372835419275,0.5301199011852522,2.1499648025450577,0.7365471086459441
315,548,2008,1000167275,2.59375,8.017954172497634,81.21184297916666,1.895665648774007,1.0,4.963540959078077,1.4629066099491097
316,551,2042,1000151925,4.15625,22.177814634757247,156.74094667596722,3.6906962194185216,1.0,7.631052694642759,1.2471540580767513
317,553,2032,1000178960,3.03125,7.214613294192388,69.55685606743775,1.8693142549527941,0.9590599453517155,4.438920024082503,1.3167188969830441
318,554,1002,1000163025,5.46875,15.51946733585574,66.08979950328057,4.442642575326535,0.9429377062390383,5.3675429621864685,2.000180677553893
319,555,1013,1000167275,4.0625,11.113580445271218,70.01355182242064,2.7493592975663947,0.9052340385192477,5.623858582592937,0.9361844129200299
320,558,2037,1000178810,3.65625,7.197069376534282,157.08915967008932,3.6796852816431382,0.8379340738387482,2.607639310428707,1.572764381231052
321,566,2040,1000167835,2.28125,7.056751096913917,154.37360538125003,2.6528361315330304,1.0,5.318742976221057,1.1233537675379945
322,568,2023,1000167835,2.28125,7.631899428588183,90.34146530078124,1.7415932519856236,1.0,8.418344553297704,1.1401265399094214
323,569,1017,1000167275,3.5625,8.315903605756727,105.20157376920571,3.6100783016869946,0.9988169947668916,4.188267894376294,0.6244557978764816
324,571,2001,2000019514,1.90625,8.083758243361844,203.19142620312505,4.591330086952667,1.0,10.592965049443329,1.3946766905643173
325,573,2034,1000167275,4.0,9.129245491857992,161.85790757579983,3.6567545737826737,0.9318249926586101,2.731761150728915,0.9544719893086334
326,574,1005,1000167833,2.90625,6.7030788922636075,80.66089994261532,2.2049558515170835,0.9638454632995507,4.5930433604267025,1.4193647279485913
327,588,1004,1000039007,2.84375,8.334283017386166,121.73741452473959,2.7733831081851528,1.0,6.189627765577936,1.2832929388396481
328,589,2039,1000167835,2.0625,5.366954263613108,111.51894533333333,2.069078920828005,0.9232304573440896,5.939709374508566,0.8950200762131245
329,591,1001,2000011484,3.3125,9.956179227401199,64.7620262513021,2.2201556556148554,0.9901906035978154,4.138424816329867,1.6990854737391943
330,592,1002,1000154837,3.1875,10.456659808909034,113.68463365978425,2.9749811120517444,0.9104073115966556,8.423693668632174,1.338036851499571
331,596,1002,1000030683,6.5625,16.053267262325754,161.37797042610072,5.9893065635700475,0.9596659519002799,3.843397670160532,1.0245652958540832
332,597,2001,1000167833,1.90625,6.2039306887246175,137.43791917656242,2.334356755877632,0.9736462662831658,11.486644903556563,1.2700552215316185
333,601,1009,1000167833,2.125,6.253438990708346,112.63259779296875,2.2466440150389904,0.9878037233472224,6.612359998330888,1.1323048672200837
334,604,1016,1000167275,2.90625,9.224169082895973,121.50935816592263,2.506667873412675,0.9823793762693643,5.573229721099289,0.8208963701931139
335,614,2040,1000071547,6.09375,12.792538997790626,89.78816342364215,4.939211501412858,0.8727584925332217,2.6519279436226366,1.4134422427700986
336,616,2002,1000167274,5.375,6.851900306303538,155.13257381075653,4.652150538575315,0.9170042029657193,1.7015846040587823,1.2832065262516479
337,617,1001,1000041107,3.125,9.314958783628578,151.08865207899305,3.2153155225211303,0.9058378886264211,3.693761403087865,0.9413365803537052
338,619,1002,1000166915,2.15625,8.644977872313106,139.0673789700521,2.3194011784949935,1.0,9.635852753013223,0.9110103272968021
339,631,2025,1000167835,2.3125,5.005371217477408,134.58152386067707,2.1511543938678064,0.9123304850419899,5.541040274228097,0.9566245432300227
340,632,1005,2000011505,2.90625,7.641176217303189,109.80488799999999,2.7142582021258352,0.9169703128425655,5.5912329248269135,1.0734210570535125
341,633,2039,1000178960,3.03125,8.150906779806478,211.05902359375,4.06993486346733,0.9615067015453151,4.646703242511143,1.3207850048888599
342,635,1002,2000011485,2.3125,9.37291306773332,132.40864398893234,2.6792583029047314,1.0,10.421785907320212,0.7134037900067884
343,637,1014,1000163738,2.09375,7.761291617713133,173.8866760104167,2.6824574374201373,1.0,6.773856632017595,1.0524322967287818
344,640,1001,1000030683,5.25,17.575645070470934,66.3266015417287,3.9776088729921906,1.0,5.051153787912833,1.2637702324245441
345,642,1001,1000167832,2.15625,8.453691474885057,118.31424975260416,2.560173881044337,1.0,6.790826485266372,1.0684452849660209
346,643,2013,1000151925,5.4375,25.632899043023144,132.86959515803966,4.875404816294782,1.0,6.0515478351560015,1.7264281267732202
347,645,2011,1000030686,4.5625,14.689076025329939,148.45472416939484,4.652361575150996,1.0,6.96691845807999,1.3496562038787383
348,646,1017,1000071547,6.09375,14.596572030864476,76.99035922017674,4.446891752851749,0.9727529829065709,2.7326110804717594,1.8703131318742936
349,650,1013,1000167833,2.625,8.673606466671362,85.27206766369045,2.212509627261881,0.9708237915509912,7.875703443634715,1.6929590913860588
350,653,2042,1000167274,6.03125,5.648267498603907,497.79226363454114,11.459706838539313,0.609829279024464,1.614578069457113,0.7201454251743964
351,654,1003,1000167834,3.0625,8.096133443167199,174.12468876488097,3.17180575535149,0.9456474056097114,3.9079709016351902,1.0712295297791616
352,655,2001,1000178961,3.03125,9.021888448046266,99.54045878059897,2.27827519805587,1.0,5.5049365329854885,1.4307198416996294
353,658,1002,1000167834,2.53125,10.026036531484994,312.6407463572049,5.177139689190642,0.9303032187531332,7.783989013161665,1.4796894299186918
354,664,1014,2000015969,3.71875,11.985167277966852,118.92048926649308,3.0146235229804805,0.9368690360584986,7.331147176130103,1.265483944087821
355,669,2006,1000151925,5.6875,21.20338287627489,240.12559074477497,7.840537741181239,0.9058375007606921,4.814127383000287,1.0022121345154362
356,672,2012,1000041110,2.25,7.066873103909598,148.94554497073864,2.6662658168554847,0.9988932250610875,5.139317232218925,1.1056926377378455
357,675,1001,1000181751,11.28125,24.635268253559005,89.01617960836208,12.268307365649832,0.9390604463834669,4.20608240064132,1.369286618742314
358,679,1003,2000015969,3.96875,9.429585585948558,77.93357713727679,2.7499979540124966,0.9353311899617789,5.381671343471912,0.8687731844859587
359,680,1002,1000163026,13.71875,20.97876583567085,56.39159713076345,12.50069312140524,0.8848307779236042,3.961086202894429,1.6349645002813926
360,688,1015,2000015969,3.84375,7.04776996634575,127.89158578087796,3.268841039792072,0.9568917758187278,4.299952156810671,0.936191226410794
361,690,1002,1000163737,2.15625,8.65027590114403,146.44093622395837,2.789633880223169,0.9486919981693339,7.374943198236015,0.9588129257469276
362,691,2037,1000178961,2.75,8.772592489040859,103.50583794531249,2.1252751376484933,1.0,4.554390338890052,1.8482259336029112
363,702,1001,1000163024,5.625,11.732757942962463,48.58741032853084,3.5891105694772034,0.8211388389868546,4.875713345261609,1.816457243393938
364,707,2002,1000181511,3.90625,8.62978930507526,85.89474041059032,2.8039159338021213,0.8669281000461387,3.6389276116968707,1.462123427906651
365,709,2037,1000178960,2.875,8.510180135983338,99.147795015625,2.618213124484886,0.98503335558953,5.869623754559616,1.9527549460355298
366,712,2002,1000178960,4.21875,5.612063546387486,118.74725077682294,3.6082463336361092,0.876658079279132,2.653850424604957,1.4236969851456118
367,715,1004,1000167833,2.1875,6.409060425287176,94.77961015208334,1.9905168802913147,0.958601225421453,5.463042945007606,1.3543681934821503
368,723,1017,1000178960,4.03125,9.448375228790866,92.81162889657737,3.2078377795128437,0.8880573677674434,3.2754269532769156,0.8925151105923769
369,729,2010,1000167835,2.8125,5.59893824666568,98.82134213802082,2.0637598661801717,0.8146898434272023,2.8674219371711382,1.2946916016696395
370,730,1005,1000030686,6.0625,13.047590369843846,96.49233946358675,4.2267201028408605,0.9322493883725533,3.7895934216058107,1.3738472187196522
371,733,1001,1000181510,3.65625,17.21880158645479,127.99159942150303,3.343109684826982,1.0,7.609317464733946,1.5741684332483399
372,735,1003,1000178813,2.28125,8.16837480145078,220.71486398462298,3.6768680209328437,1.0,5.905446050701875,0.8711348307886166
373,736,2012,1000181750,9.21875,15.969606661997691,155.73811108792742,11.682214305152556,0.7678753505344629,6.315275045646356,0.8213196060131512
374,738,1015,1000039007,2.75,7.347390757717081,96.44480834312995,2.28633898115434,0.9735557254608039,4.178469410841911,1.402393373604032
375,745,1009,1000071547,4.125,10.39969996185391,99.20211285295758,2.7584326595499142,0.8768972660948313,3.206320715991456,1.6786076707376343
376,749,2010,1000178961,3.34375,8.093418618007258,200.11937058984373,3.904984006567957,0.8692051412858623,4.464255363873114,1.031017686737168
377,750,1005,1000071547,6.21875,13.116355866478184,62.82126610593378,3.435902746785337,0.9066533068215099,2.235529114746241,1.8563973783653436
378,753,1002,1000041107,1.9375,9.144901694734699,122.93461240234377,2.061970472219217,1.0,8.76573309634392,1.6712089249617401
379,758,1001,1000163026,9.59375,18.08644090181663,57.617769969256926,7.319686387894448,0.8678596973152276,3.4532957315140274,2.2087589677706867
380,762,1006,1000178960,3.3125,6.940039867325543,119.40215725930057,3.748394377914531,0.8902933842435601,4.727123432425602,1.4000772578746066
381,772,2002,1000167275,3.9375,5.453247971366291,100.11057770001858,3.0221952614135277,0.8141947142658024,1.7382454884190532,1.733538283982172
382,777,1002,1000181750,10.25,25.799080250491645,142.09721925894013,12.36000365907011,0.9477508008319155,6.341124139138483,0.8049089109986625
383,779,1002,1000162357,23.59375,45.89453010036978,81.78130031059919,23.226389590017373,0.8503599965753424,7.531452481008346,0.7044669939870986
384,785,1003,1000030686,4.78125,14.177970511845103,136.24555246130953,4.574490695926343,1.0,5.618328728774075,2.34045558605833
385,790,2032,1000166915,2.84375,6.835947611544842,83.76800863020833,1.9651200859585491,0.9328730504085146,2.99434760521984,1.8368332668498473
386,791,1002,1000102969,3.8125,10.820079176535042,75.5846646617055,3.8083523014073206,0.8819639688875984,5.290792466247411,1.2116342848715336
387,795,2025,1000178961,2.6875,7.056586207604739,104.00631219583336,2.4304486646892833,0.9804934295014547,5.055432027478699,2.0471149525532577
388,797,1005,1000178961,2.8125,9.413406644010736,85.39710425390625,2.1322842942442186,1.0,5.162130069524007,1.0035192353688018
389,812,1001,1000181750,9.5625,18.805837628896096,144.40191236754424,11.434246530325169,0.918877753709211,2.264497949267434,1.3970740410234281
390,814,1016,1000178960,2.75,9.284293712168171,178.66503187593003,3.7732464351585415,1.0,6.485500953343178,0.9893927707397372
391,815,2001,1000178813,2.40625,6.420052169695482,90.14240248828128,1.7760373390932036,1.0,4.20681150305263,1.3751891272931043
392,828,2034,1000167833,2.0625,8.02738268330159,106.32501157812496,2.099211979557354,1.0,7.126838233727095,2.607371131236792
393,852,1001,1000168530,3.5,9.213987872991423,73.45734440104165,2.645296377487936,0.9931843327112518,3.0738506714516625,1.9840395087471288
394,854,2002,1000151925,3.46875,23.16867240623795,220.447423838102,4.4567768577987215,1.0,11.575578809402598,1.1125987325735205
395,855,2011,1000030687,5.84375,12.43300413463945,131.3868237787007,3.684306726752054,0.8911583570956291,4.270432715441122,0.9659804848602052
396,860,1003,1000168530,4.03125,9.768248717128792,94.11899673370702,3.01723392076077,0.8794191244878654,3.8427720009708377,1.3498696800045487
397,868,1001,1000192711,2.9375,9.93335837697833,81.480496625372,2.0542991171405087,1.0,5.171902163175527,1.1993666519124364
398,869,2028,1000071547,4.46875,12.481034266617664,176.0744400573394,5.045947814818599,1.0,3.93211825193786,1.1129032105363499
399,871,1004,1000030686,5.375,10.634360447741848,159.10221155821046,4.909896682588894,0.8915310959474385,2.569492633679215,1.1393898177020456
400,892,1009,1000167834,1.96875,5.657723450335155,83.99526114062496,1.7612396144578562,0.9897704417916992,5.019793761899427,1.6742299654725914
401,893,1001,1000030685,6.40625,11.9538683182652,64.08244357199652,4.184277932093362,0.9301337073016575,4.098008502253178,1.1719647780000353
402,896,1003,1000162356,28.75,35.62074724117755,317.15861100809184,21.45325913082391,0.7065647184577937,6.2158169825202,1.0494285932140157
403,899,1001,1000168531,3.0,10.599413308009888,191.5725895976562,5.329251568865056,1.0,5.084446254352055,1.0479089966793937
404,905,1007,1000167835,2.40625,6.3019775236472615,99.22675704322916,2.03179311915405,1.0,5.596524190453604,1.2387977179628928
405,907,1002,1000163738,2.78125,9.504315626011138,133.0319578999256,2.702809797078082,0.9359591110887486,5.526760312294099,1.6059851661369737
406,909,1014,1000030687,7.03125,15.491731975606019,73.99802033418018,4.632705508026587,0.8957358476191687,2.9527833059431363,1.405822512137608
407,914,1004,1000167834,2.03125,5.818995952125525,118.71185866666667,1.980458823587217,1.0,8.406778761293799,1.3340762208909027
408,915,2016,1000167834,1.71875,6.271443289869629,166.9293095125,2.6553057387871752,1.0,8.514748959205205,1.4806744145523139
409,922,1014,1000163737,2.0,7.833999481729692,93.19960821223958,1.815146789901875,0.950142424213267,6.201352641782785,1.322549386041075
410,929,1014,1000154837,2.5,9.145257724726727,101.7077778671875,2.130326081218729,1.0,7.162279136599194,0.8113749072749248
411,935,1013,1000163738,2.46875,7.6475389993909175,119.3921923580729,2.50253241051846,1.0,5.151745423470652,1.0966248741736873
412,936,2016,1000167832,1.8125,6.039885479132621,114.71210827604163,2.0835648374858353,1.0,6.11037459369046,1.9999104640190786
413,947,1017,1000030686,6.0625,12.307890079718726,154.80693328910527,6.707644183830409,0.7846776785273436,4.1220015470521565,0.553893458765221
414,950,2017,2000011505,6.09375,10.195750820835675,148.32295910359736,4.341508572313897,0.8832427218998294,2.891672416741364,1.2939433610920057
415,954,2011,1000162356,21.3125,25.917607409047427,68.09593909097941,14.67255029744011,0.7640963122114053,2.212623118119573,1.5698277026211223
416,957,2045,1000178961,2.8125,7.501292023379684,135.7857213326823,2.9201641094826076,0.86203776109822,3.7652580657759103,1.1346191945627797
417,966,2034,1000163737,4.15625,6.498172067875391,362.97885175015017,6.950583296841681,0.8045124495068253,2.87748696734098,0.8677352877783402
418,983,2013,1000178960,2.34375,4.8924874942575896,143.19537956874996,2.6259858054774585,0.8928047065549247,5.152734101110798,1.2184254116627
419,989,1005,1000163738,2.3125,6.32808206228157,181.4686592477679,3.16937686104235,0.891676359718755,4.879428583481283,0.7965182566694828
420,992,2032,1000178961,2.0,8.71980843636287,132.41235844010416,2.0230048958337568,1.0,9.77170184660621,1.273196455669286
421,996,1007,1000178960,4.375,9.991738997080903,88.48311774156747,3.028180940805828,0.9706744533090076,3.7285888879441207,1.310719309444255
422,1000,2016,1000163737,2.5625,6.4992445914322134,230.1750467600911,3.842509152797645,0.968184289022034,7.059032349298047,0.9765455391373885
423,1001,2034,1000030687,5.375,11.438294178685558,101.19525030054596,4.7920491361552555,0.8142932864157314,4.560856066154408,1.2980408854434295
424,1027,2011,2000011484,1.96875,6.500985698105176,134.16982619884675,2.3621112388338235,1.0,6.482560826191251,1.2028185365638921
425,1033,2011,1000163738,2.0,6.2730199002597296,99.51814097005206,2.2631996082457575,0.9711642436159209,6.521115505793647,2.302892037058285
426,1037,2025,2000015969,2.4375,4.2069513581017555,232.53673404544267,3.8032577031465173,0.7938632523676303,3.0515044198104775,0.9398412800597333
427,1064,1015,1000071547,5.21875,10.338060621796878,156.88798525332757,4.774872229760299,0.8218389894080327,5.180815713398175,0.8450112990894998
428,1069,1017,1000162356,16.8125,29.3804143815326,56.30156631365772,8.562920566443227,0.906156191030642,3.1922533575134198,1.4166682170293219
429,1070,1002,1000167832,1.65625,8.584501936448557,107.90461028515625,1.662646122137786,1.0,10.532977308055644,2.6151117058873448
430,1081,1004,1000154837,2.9375,6.625252529130323,88.31184583069196,3.562142229524116,0.9100141963751238,3.2378574462765344,0.6193868084451443
431,1088,2034,1000163025,5.96875,11.548524116165206,193.97722314992558,6.930433778220898,0.8954817988510325,3.830023207222716,1.0810303427449768
432,1100,1004,1000102969,3.21875,9.24501318321023,106.5070703487866,3.388086315117627,0.9206250470157828,4.4104956188841555,1.2096149944051107
433,1116,1004,1000168530,2.5,6.517064586622735,126.36467652306553,3.420685284212418,0.9153043610172982,4.9581441960081465,1.349885092537689
434,1118,1013,1000163737,2.53125,7.956895759788002,165.44678357291664,3.291314993005725,1.0,7.540165099873779,0.9722029470901671
435,1122,1009,1000030686,3.96875,11.169082487076553,125.13285551971727,3.6438743868930796,1.0,4.759648818113491,1.601251574560308
436,1156,1003,1000181751,7.3125,16.944629959889678,61.13123744484228,5.341380598335389,0.9983030913427346,2.724256222773446,1.951096456203901
437,1166,1013,1000030686,4.65625,14.242587890596441,109.43158623161298,3.9787700253343687,0.979015444102229,4.645263157113561,1.8448802435602014
438,1170,2040,1000178960,2.90625,8.199909770730878,169.50379801860117,3.7481128247368276,0.932289902971986,4.486569481750742,1.28555714395344
439,1185,2016,1000163738,2.125,6.121914022368999,155.13202369531254,2.6508600899236745,0.8866532610672697,6.201592466543634,1.597651423278546
440,1196,1003,1000163738,2.0,5.837709895259076,107.2780565865885,2.2163214182495654,1.0,7.008063692813918,0.9065240802172883
441,1201,1003,1000181750,5.375,16.855094007801306,254.90007248337454,9.122748381542477,1.0,11.352149354858431,0.6769816690971624
442,1210,2016,1000030687,4.0,10.212213042525091,87.97948249231152,3.57880218964759,0.902399122978479,4.886478465548061,1.7980993104026293
443,1237,2023,1000030686,5.21875,11.325347051867102,118.58393156137264,4.3259628188128225,0.8420844492784347,3.6159456933167378,1.2868582766900185
444,1240,2034,1000030683,4.25,13.287953793164867,117.80875928000995,3.2943462952427276,0.8944832344972753,4.889157572059327,1.0756506065886602
445,1246,2023,1000154837,2.46875,7.38879735289182,86.3515502955729,2.469068772569856,0.9395944303224201,4.768206074230092,1.441109707298767
446,1282,2028,2000011505,1.9375,5.545929552503791,120.71147648098959,2.138747347787943,0.9280581060776516,3.1770277821134405,0.9663500443301098
447,1293,2019,1000071547,3.4375,9.818445563884675,229.3686287336309,5.213903192216158,0.9368892357101513,4.845586541865994,1.0866238685564562
448,1304,2012,1000162356,10.125,12.508888464325471,134.44513316944452,5.27723803637295,0.8051955725394027,2.4601398298358057,0.7532783755176257
449,1315,2001,1000071547,2.46875,9.339595551726621,122.22617285900297,2.762145077995344,1.0,9.106782878547795,1.0978051216320406
450,1317,1001,1000163025,2.4375,12.421014646983876,110.441142453125,3.0950064210258175,1.0,10.824000753073362,1.8203323423558952
451,1327,1003,1000163025,4.0,11.163794763035776,79.74468149516369,3.117994380171529,0.8849801882790777,6.526642230357149,1.8364884866381128
452,1343,2032,1000071547,2.4375,9.890076824842893,121.12431408049243,2.9329077549377476,1.0,8.216271079211607,0.7241374779995787
453,1353,2012,1000071547,2.21875,9.160380765007925,115.0189828142361,2.1374023877602086,1.0,6.950093743654317,1.0055635229700848
454,1368,1003,1000030687,4.21875,10.689668710310277,127.52112903962055,4.118535292258891,0.959378412038144,3.616904968470234,1.6025084618978884
455,1375,2024,1000071547,3.4375,9.409998116229296,77.96681855629397,3.0179689815981106,0.6988999303587059,4.738954613040045,1.0312016762581173
456,1379,1003,1000102969,3.125,9.516070324737347,102.89007815581597,2.3314117270711123,1.0,4.128455992389278,1.0326584672463657
457,1383,2011,1000030683,2.5,10.173617702814001,96.21653587500002,2.736209161313481,0.9557013642211045,7.249297943312061,1.177813781189233
458,1384,2008,1000071547,2.46875,8.456891852969164,132.72136512500003,3.6357391470722527,1.0,7.831618364837486,1.6052274138904623
459,1395,1003,1000121115,5.8125,9.249623318496846,180.31878781769976,5.315291162883139,0.8527717823888498,1.9488640444934757,1.1030324620213643
460,1414,1002,1000030685,3.59375,14.173737327685213,115.39332333912506,4.618644230058062,0.9523740002687885,9.489188207672601,0.4867956026551009
461,1421,2013,1000162356,21.21875,17.543121153028906,75.35543441824709,16.822228371790207,0.8206430962299143,3.2504749275142015,1.3555678448403186
462,1438,2040,1000030687,5.625,11.530773864343493,90.76035306055878,4.334229766283446,0.96087867888825,3.108224477041306,2.5598680010453485
463,1453,2032,2000011505,2.65625,6.914337137106215,96.11844763671877,2.5500647734015938,0.9037209302748409,6.083999072108776,1.5527071670731947
464,1459,2012,1000159730,5.96875,13.355365797967503,89.1947697735164,5.11084570259944,1.0,3.9667089744430264,0.6917660337148201
465,1460,1009,1000168530,2.28125,6.1313397612257745,92.3739345036458,2.083494978760625,0.9786152045768496,3.5519457087428754,0.9366256592442428
466,1464,2037,1000162356,13.59375,16.996882670639938,93.46810809216633,10.034753354633057,0.8372228865371572,1.9896642927023307,1.7947137094975438
467,1468,1009,1000163738,1.875,5.24556387002691,85.501228140625,1.5670312731842606,1.0,3.6710333058798756,1.300945146948322
468,1485,1003,1000030683,3.40625,11.385865606527918,90.67204145027041,2.829685623236123,1.0,4.797679202645246,1.0225602969732048
469,1488,2016,1000162356,24.40625,41.46334522635912,180.88773936881347,25.178892279530018,0.7550062259363941,5.91315731839773,0.3477208058196102
470,1495,2017,1000071547,2.5625,10.630099090238167,145.43077113411456,2.7915077227842304,0.9706876463413826,8.619556320781376,0.6745822440642263
471,1497,1003,1000163026,5.90625,11.55187966915896,70.655731509884,5.659653534295751,0.9186493908530828,2.2887499641410853,1.6128665003184266
472,1502,1014,1000163026,8.09375,13.01816980455939,145.95137514964557,7.83578066689582,0.8232436710351463,3.081061375384552,0.8945067796999022
473,1506,2040,1000030686,3.15625,9.929228856124492,172.79344303059895,3.538112001581241,0.9757293759544058,6.113391793160167,1.6027304202885524
474,1516,1001,1000121115,3.71875,8.292771727030384,190.666756372734,4.051495264350711,0.9335611194304342,5.064656352642577,1.2144731632291266
475,1534,1002,1000168530,2.78125,9.298150991505935,114.38797008556546,2.255916261114889,0.9533981696250782,5.1767206083964545,1.063938231616823
476,1549,1001,1000102969,2.375,10.080629545766278,134.1737038673735,2.7515231683964565,1.0,9.953079877697515,1.1310055092416815
477,1550,2016,1000030683,3.25,10.253062104861352,151.12599616610868,3.1316737607018026,0.8539548990881081,3.7951429853816325,1.4545649668866907
478,1585,2011,1000181750,6.46875,11.916789706607133,217.9255463262102,7.284464253362745,0.952661902057766,7.370204333313758,0.8233605587219479
479,1604,2037,1000071547,2.03125,8.935904079385402,138.68192348697914,2.7028564739724774,1.0,10.077418290942703,1.5620944212726098
480,1622,2037,1000030686,4.375,10.440675011453054,153.74365335717386,4.214523457747004,0.9446253940642504,6.415393734311821,1.7660614134885964
481,1651,2040,1000163737,2.5625,5.408929957426231,152.50128228854166,3.037456537894359,0.9103358563948891,3.4348879819657676,1.2333597590152612
482,1660,2010,1000071547,3.375,8.326293761548369,238.2905993110119,4.672200957841592,0.8955949065904312,3.617905370460307,1.0666431415921347
483,1669,1004,1000162356,12.8125,33.40298181731263,108.60691022932083,12.982899730226636,0.7127531211278719,8.882409512968081,1.2685946911584405
484,1676,2028,1000030687,4.4375,10.295846749334318,138.57510005359285,4.152459013983015,0.8597618192538408,3.931867320749416,1.518057616229928
485,1700,2024,1000162356,13.09375,12.819243006713197,53.510758204589436,11.048508098525158,0.7705417480422272,1.4334190962992772,0.9285233118264945
486,1723,2001,1000162356,15.5625,22.38083354148801,94.15467046026859,13.576785741349932,0.7813880200828157,5.942571554201293,1.1193185824237943
487,1741,1017,1000163737,2.53125,6.207094169912179,165.66757662129837,3.7136418913753,0.9415711292486277,8.290632504783684,1.4959063340710346
488,1756,1005,1000162356,22.03125,49.56309675250511,381.9974777232474,22.948390444338553,0.8479195676420106,7.6189892201870135,0.6355988232653391
489,1758,2011,1000163026,3.90625,9.218616812466182,97.48306759821428,3.961705080049212,0.9420873212737132,9.603143342901824,0.6792707772623373
490,1761,2019,1000162356,15.8125,20.793142699738855,120.78546570974895,13.527304799118417,0.6811897547968846,5.607951765658835,0.9929536496398155
491,1767,1014,1000102969,2.96875,10.135335742018789,162.0506005440848,3.7629424307405905,0.8981950514893065,4.412481003770216,0.7536554977687573
492,1776,2011,1000168530,2.90625,7.6036335715414936,171.2399197135417,4.824387524944876,0.9591709926635374,2.7740715155728735,1.7185824231478173
493,1783,2011,1000124766,5.1875,20.217874525854473,90.51693334407128,4.758534369801892,0.9615900397163121,6.221930590711918,0.6865669030798527
494,1788,1017,1000030683,3.25,9.742520942222127,103.96840681423613,2.3801099534891814,0.9844332331437897,3.7721727353594496,0.9258494459502421
495,1790,1013,1000030683,3.625,11.073595426410542,209.35435310448148,4.860234354337643,0.885999597369332,4.725181842235024,0.703324850812602
496,1822,2023,1000181750,4.1875,13.121160469478044,212.13520636532732,10.117910443556948,1.0,11.58592814952092,0.8660844392517103
497,1830,1004,1000030687,2.71875,9.457468625059418,108.61049166778274,3.1936890713205646,1.0,9.775652211350176,1.5994674779117193
498,1836,1004,1000162357,7.34375,24.138847355842028,178.89294965336958,8.032606909161903,0.7882159346242947,10.283778069074476,0.9951880519045072
499,1839,2019,1000181750,6.375,11.60572115351505,118.07145323714994,5.7471835713954995,0.8794972658450007,3.9773648418352368,1.7959682507419177
500,1841,2001,1000030687,3.8125,7.043616014666062,101.55606483209323,3.0307769240660276,0.9073377374793536,2.8087553378633983,0.9435219371801484
501,1843,1017,1000163026,3.59375,12.442341222249102,321.5668786014835,17.331421967111368,1.0,21.035851041672117,1.7871726578627298
502,1853,1004,1000181750,4.625,13.38291342244491,147.53930245714676,5.404641884069602,1.0,7.90652498193608,1.1749968944875937
503,1883,1001,1000168528,4.8125,10.725350549062885,239.27879353146855,5.501233367457641,0.9273938307226589,3.265952108396313,1.2795762885588096
504,1927,2016,1000163026,4.1875,8.5705749771905,123.27369278373017,4.242722134960141,0.8877257042494915,4.1544825641430645,1.4716518882116367
505,1933,2045,1000162356,19.46875,15.01588213257256,454.0100374160193,22.938739631572076,0.4810963863901139,1.9544372557929865,0.8935506135398417
506,1946,1014,1000162356,14.9375,39.86949520603993,1134.214821452262,24.346843743446627,0.7157588693467554,7.133758321642041,0.4450808861516044
507,1949,2023,1000162356,6.125,16.035938282498815,101.92690577048009,7.769219934016575,0.9046465420741693,6.130196068324058,0.6418349841814278
508,1951,2032,1000162356,9.53125,21.137117909109747,180.1906687241736,9.255476495806615,0.894358257946438,7.65092705327167,0.636932694532483
509,1952,1009,1000030687,2.34375,9.462580194532183,183.12258754361977,3.9579780143004752,1.0,12.65321556549845,1.2912401729170524
510,1971,1017,1000030687,2.71875,11.998851268556052,308.2938926539237,6.267055827381062,1.0,10.038505363900992,1.3965008100261025
511,2010,1013,1000030687,4.5,11.733434527378341,211.6141117465532,6.205212201592348,0.9252277815562078,4.970739488845471,1.3586469489104085
512,2091,2044,1000030686,2.78125,11.504303109368141,179.64403689694933,4.323243094338027,1.0,10.710084810153848,1.5730961892413666
513,2096,1003,1000168528,4.25,8.608032224959413,85.91909563767982,2.832299050693459,0.9423917514996619,2.9287310575147454,1.7131499926792526
514,2113,1015,1000162356,13.46875,23.877860877882725,163.60507020933835,11.03555465218566,0.7365507849014807,5.187086941520053,0.6536988897549044
515,2141,1009,1000102969,2.25,5.49868335732099,119.24944440559901,2.355289762207077,0.9610851471459823,4.61215481030691,1.8154122428145192
516,2164,1004,1000030683,2.21875,9.234391037202222,150.90547101078872,2.6917789938656527,1.0,8.693682404861038,0.7486027418081451
517,2167,2034,1000162356,17.6875,22.10593130104584,249.15963524381306,13.134617194003125,0.7829200389874824,3.0616132217227494,0.4376526022580583
518,2188,2001,1000030686,3.0625,9.35665989321669,75.83456945572917,2.7930026016163603,0.9775534183128355,6.486348394454604,1.822723923635564
519,2196,1001,1000162357,12.0625,21.776915332961433,301.26295605081214,13.811113743225848,0.8319015505820023,8.149859060631861,0.6237615215809446
520,2205,1005,1000163026,5.6875,10.609495737878614,132.178560744317,6.9333286505725,0.8869657843775582,5.613017250312219,1.2306255413678873
521,2206,2016,1000163025,2.53125,8.193903706522397,192.81153482552082,3.955278354185872,0.9311327966032705,6.43960781844974,1.0929489838275022
522,2208,1002,1000162832,11.71875,19.222128639801006,352.3087568365772,13.190690212211495,0.8395206082937772,5.4412502119541655,0.609143012863969
523,2259,2011,1000030685,2.75,10.231707368782905,174.96809050892858,4.08323781210382,0.9831555962504388,9.267451360255706,1.2894097021121214
524,2267,1013,1000163025,3.9375,11.000192368658258,345.71551610759946,6.596611699264412,0.9152185505818496,5.012625438806272,0.6771306029683989
525,2287,2019,1000030686,3.34375,11.147769785788629,124.88995796676589,3.9907664340551134,0.9626365633936316,7.205393265304118,1.006914184200277
526,2288,2034,1000163026,4.25,9.090636039838031,190.94398842140993,4.55578394239122,0.8235789295187044,2.918538854137972,1.1652612663817834
527,2358,2016,1000162357,16.125,19.465640897592646,72.36090208180211,9.081957112369855,0.7639962243777626,2.801088675476682,1.3293306840109365
528,2372,1001,2000015968,3.5625,17.930377343086658,135.78957591054518,5.547292797503862,1.0,9.127793648534963,1.016270955408848
529,2395,1001,1000162835,2.09375,11.801860317080966,227.57536875885415,3.5522664141325353,1.0,22.33713070378955,1.537402649565794
530,2417,2040,1000181750,4.25,12.96591773622527,248.69809952524804,7.181350314244406,1.0,7.591564025428762,1.232725573485337
531,2419,2023,1000030687,3.125,12.492344248812202,184.04969451497396,4.742494203977705,1.0,9.035913810514435,1.3765949724378546
532,2443,2040,1000030683,2.375,11.071123365462899,149.65277808593748,3.561708643911589,1.0,9.219668274737863,1.341645936940721
533,2476,2028,1000163025,2.25,7.562370991114848,110.97599244921872,3.17839553602539,0.9076248180018524,9.23739814795825,1.115488282893423
534,2480,1005,1000030683,2.5625,10.760537811218303,103.72354493684894,2.4522093590363667,1.0,6.796797470056335,1.1018943615498467
535,2515,1002,1000162833,3.5625,16.291305654064676,92.15342364732145,2.8996456706541003,1.0,10.219678522701374,0.8703431337916508
536,2548,2012,1000102969,2.21875,6.040237299481018,116.9258889471354,2.550360543692971,0.9676135057894737,4.506526087203199,1.6005616893488679
537,2563,1001,1000159730,3.1875,11.434019183818874,64.25815664322916,1.9722697129790039,1.0,5.899469774665816,1.2892801963004363
538,2627,1004,1000159730,2.03125,8.58402119790635,118.709238125,2.3014917266988455,1.0,12.065305101724118,0.9365668141440344
539,2634,2034,1000030685,2.4375,10.131093440909236,255.7015494377976,4.557809786811253,0.9791047852447575,5.88094046579096,1.5330821269201556
540,2643,1003,1000159730,2.46875,10.219172173549678,153.40124449414063,4.137058455910728,1.0,7.237272278930168,0.7076272915374883
541,2664,2042,1000030686,3.53125,6.066523085195643,151.536586350586,3.9432266723758778,0.900931439544809,6.211067397643966,1.323017972411809
542,2696,1007,1000071547,2.21875,8.594620071655477,171.75053602752976,2.8619912525273232,1.0,9.734946529419888,1.0754463140045867
543,2729,1017,1000163025,2.71875,10.45841104057059,106.29255043923615,3.335918030380092,1.0,7.235550985076622,0.785081826502181
544,2730,2024,1000030687,2.5,7.5564109858480215,291.23643552135417,4.775837957223825,0.890740644237296,7.068312190403613,0.856209967441788
545,2736,2019,1000030687,3.53125,7.559523751245639,220.74755055249256,5.695714961359375,0.8321951172576085,4.526215663016831,1.203243385127413
